{"want": 0.0060205999132796235, "two": 0.0, "x": 0.009542425094393249, "and": 0.0, "three": 0.0, "y": 0.0060205999132796235, "from": 0.0060205999132796235, "z": 0.0, "at": 0.0, "6": 0.0, "pm": 0.0, "tommorow": 0.0, "get": 0.009542425094393249, "me": 0.009542425094393249, "9": 0.0, "23rd": 0.0, "april": 0.0, "order": 0.0, "5th": 0.0, "june": 0.0, "show": 0.0060205999132796235, "all": 0.0060205999132796235, "product": 0.0060205999132796235, "store": 0.0, "market": 0.0, "q": 0.0, "rpoducts": 0.0, "cosmetic": 0.0, "food": 0.0, "type": 0.0, "category": 0.0, "clothes": 0.0}